{
	"credit": "Made with Blockbench",
	"ambientocclusion": false,
	"textures": {
		"3": "block/black_concrete",
		"4": "block/brown_concrete",
		"5": "block/anvil_top",
		"6": "block/white_concrete",
		"7": "block/red_concrete",
		"particle": "block/flower_pot",
		"flowerpot": "block/flower_pot",
		"cactus_top": "block/cactus_top",
		"cactus": "block/cactus_side"
	},
	"elements": [
		{
			"from": [6, 3, 6],
			"to": [10, 14, 10],
			"rotation": {"angle": 0, "axis": "y", "origin": [8, 6, 8]},
			"faces": {
				"north": {"uv": [6, 0, 10, 12], "texture": "#cactus"},
				"east": {"uv": [6, 0, 10, 12], "texture": "#cactus"},
				"south": {"uv": [6, 0, 10, 12], "texture": "#cactus"},
				"west": {"uv": [6, 0, 10, 12], "texture": "#cactus"},
				"up": {"uv": [6, 6, 10, 10], "texture": "#cactus_top", "cullface": "up"},
				"down": {"uv": [6, 5, 6, 5], "texture": "#cactus_top"}
			}
		},
		{
			"from": [2, 2, 6],
			"to": [14, 3, 10],
			"rotation": {"angle": 0, "axis": "y", "origin": [8, 10, 15]},
			"faces": {
				"north": {"uv": [0, 0, 12, 4], "texture": "#4"},
				"east": {"uv": [0, 0, 12, 4], "texture": "#4"},
				"south": {"uv": [0, 0, 12, 4], "texture": "#4"},
				"west": {"uv": [0, 0, 12, 4], "texture": "#4"},
				"up": {"uv": [0, 0, 12, 4], "texture": "#4"},
				"down": {"uv": [0, 0, 12, 4], "texture": "#4"}
			}
		},
		{
			"from": [3, 2, 10],
			"to": [13, 3, 11],
			"rotation": {"angle": 0, "axis": "y", "origin": [8, 10, 19]},
			"faces": {
				"north": {"uv": [0, 0, 10, 1], "texture": "#4"},
				"east": {"uv": [0, 0, 10, 1], "texture": "#4"},
				"south": {"uv": [0, 0, 10, 1], "texture": "#4"},
				"west": {"uv": [0, 0, 10, 1], "texture": "#4"},
				"up": {"uv": [0, 0, 10, 1], "texture": "#4"},
				"down": {"uv": [0, 0, 10, 1], "texture": "#4"}
			}
		},
		{
			"from": [3, 2, 5],
			"to": [13, 3, 6],
			"rotation": {"angle": 0, "axis": "y", "origin": [8, 10, 14]},
			"faces": {
				"north": {"uv": [0, 0, 10, 1], "texture": "#4"},
				"east": {"uv": [0, 0, 10, 1], "texture": "#4"},
				"south": {"uv": [0, 0, 10, 1], "texture": "#4"},
				"west": {"uv": [0, 0, 10, 1], "texture": "#4"},
				"up": {"uv": [0, 0, 10, 1], "texture": "#4"},
				"down": {"uv": [0, 0, 10, 1], "texture": "#4"}
			}
		},
		{
			"from": [10, 0, 5],
			"to": [12, 2, 6],
			"rotation": {"angle": 0, "axis": "y", "origin": [19, 8, 13]},
			"faces": {
				"north": {"uv": [0, 0, 2, 2], "texture": "#3"},
				"east": {"uv": [0, 0, 2, 2], "texture": "#3"},
				"south": {"uv": [0, 0, 2, 2], "texture": "#3"},
				"west": {"uv": [0, 0, 2, 2], "texture": "#3"},
				"up": {"uv": [0, 0, 2, 2], "texture": "#3"},
				"down": {"uv": [0, 0, 2, 2], "texture": "#3"}
			}
		},
		{
			"from": [4, 0, 5],
			"to": [6, 2, 6],
			"rotation": {"angle": 0, "axis": "y", "origin": [13, 8, 13]},
			"faces": {
				"north": {"uv": [0, 0, 2, 2], "texture": "#3"},
				"east": {"uv": [0, 0, 2, 2], "texture": "#3"},
				"south": {"uv": [0, 0, 2, 2], "texture": "#3"},
				"west": {"uv": [0, 0, 2, 2], "texture": "#3"},
				"up": {"uv": [0, 0, 2, 2], "texture": "#3"},
				"down": {"uv": [0, 0, 2, 2], "texture": "#3"}
			}
		},
		{
			"from": [10, 0, 10],
			"to": [12, 2, 11],
			"rotation": {"angle": 0, "axis": "y", "origin": [19, 8, 18]},
			"faces": {
				"north": {"uv": [0, 0, 2, 2], "texture": "#3"},
				"east": {"uv": [0, 0, 2, 2], "texture": "#3"},
				"south": {"uv": [0, 0, 2, 2], "texture": "#3"},
				"west": {"uv": [0, 0, 2, 2], "texture": "#3"},
				"up": {"uv": [0, 0, 2, 2], "texture": "#3"},
				"down": {"uv": [0, 0, 2, 2], "texture": "#3"}
			}
		},
		{
			"from": [4, 0, 10],
			"to": [6, 2, 11],
			"rotation": {"angle": 0, "axis": "y", "origin": [13, 8, 18]},
			"faces": {
				"north": {"uv": [0, 0, 2, 2], "texture": "#3"},
				"east": {"uv": [0, 0, 2, 2], "texture": "#3"},
				"south": {"uv": [0, 0, 2, 2], "texture": "#3"},
				"west": {"uv": [0, 0, 2, 2], "texture": "#3"},
				"up": {"uv": [0, 0, 2, 2], "texture": "#3"},
				"down": {"uv": [0, 0, 2, 2], "texture": "#3"}
			}
		},
		{
			"from": [10.5, 0.5, 6],
			"to": [11.5, 1.5, 10],
			"rotation": {"angle": 0, "axis": "y", "origin": [18, 8, 14]},
			"faces": {
				"north": {"uv": [6, 0, 10, 1], "texture": "#5"},
				"east": {"uv": [6, 0, 10, 1], "texture": "#5"},
				"south": {"uv": [6, 0, 10, 1], "texture": "#5"},
				"west": {"uv": [6, 0, 10, 1], "texture": "#5"},
				"up": {"uv": [6, 0, 10, 1], "texture": "#5"},
				"down": {"uv": [6, 0, 10, 1], "texture": "#5"}
			}
		},
		{
			"from": [4.5, 0.5, 6],
			"to": [5.5, 1.5, 10],
			"rotation": {"angle": 0, "axis": "y", "origin": [12, 8, 14]},
			"faces": {
				"north": {"uv": [6, 0, 10, 1], "texture": "#5"},
				"east": {"uv": [6, 0, 10, 1], "texture": "#5"},
				"south": {"uv": [6, 0, 10, 1], "texture": "#5"},
				"west": {"uv": [6, 0, 10, 1], "texture": "#5"},
				"up": {"uv": [6, 0, 10, 1], "texture": "#5"},
				"down": {"uv": [6, 0, 10, 1], "texture": "#5"}
			}
		},
		{
			"from": [10.5, 1.5, 7],
			"to": [11.5, 2.5, 9],
			"rotation": {"angle": 0, "axis": "y", "origin": [18, 9, 14]},
			"faces": {
				"north": {"uv": [6, 1, 8, 2], "texture": "#5"},
				"east": {"uv": [6, 1, 8, 2], "texture": "#5"},
				"south": {"uv": [6, 1, 8, 2], "texture": "#5"},
				"west": {"uv": [6, 1, 8, 2], "texture": "#5"},
				"up": {"uv": [6, 1, 8, 2], "texture": "#5"},
				"down": {"uv": [6, 1, 8, 2], "texture": "#5"}
			}
		},
		{
			"from": [4.5, 1.5, 7],
			"to": [5.5, 2.5, 9],
			"rotation": {"angle": 0, "axis": "y", "origin": [12, 9, 14]},
			"faces": {
				"north": {"uv": [6, 1, 8, 2], "texture": "#5"},
				"east": {"uv": [6, 1, 8, 2], "texture": "#5"},
				"south": {"uv": [6, 1, 8, 2], "texture": "#5"},
				"west": {"uv": [6, 1, 8, 2], "texture": "#5"},
				"up": {"uv": [6, 1, 8, 2], "texture": "#5"},
				"down": {"uv": [6, 1, 8, 2], "texture": "#5"}
			}
		},
		{
			"from": [9, 14, 9],
			"to": [10, 15, 10],
			"rotation": {"angle": 0, "axis": "y", "origin": [17, 22, 17]},
			"faces": {
				"north": {"uv": [8, 1, 9, 2], "texture": "#cactus_top"},
				"east": {"uv": [8, 1, 9, 2], "texture": "#cactus_top"},
				"south": {"uv": [8, 1, 9, 2], "texture": "#cactus_top"},
				"west": {"uv": [8, 1, 9, 2], "texture": "#cactus_top"},
				"up": {"uv": [8, 1, 9, 2], "texture": "#cactus_top"},
				"down": {"uv": [8, 1, 9, 2], "texture": "#cactus_top"}
			}
		},
		{
			"from": [7, 14, 7],
			"to": [8, 15, 8],
			"rotation": {"angle": 0, "axis": "y", "origin": [15, 22, 15]},
			"faces": {
				"north": {"uv": [8, 1, 9, 2], "texture": "#cactus_top"},
				"east": {"uv": [8, 1, 9, 2], "texture": "#cactus_top"},
				"south": {"uv": [8, 1, 9, 2], "texture": "#cactus_top"},
				"west": {"uv": [8, 1, 9, 2], "texture": "#cactus_top"},
				"up": {"uv": [8, 1, 9, 2], "texture": "#cactus_top"},
				"down": {"uv": [8, 1, 9, 2], "texture": "#cactus_top"}
			}
		},
		{
			"from": [5, 7.5, 7],
			"to": [6, 8.5, 8],
			"rotation": {"angle": 0, "axis": "y", "origin": [13, 15, 21]},
			"faces": {
				"north": {"uv": [8, 1, 9, 2], "texture": "#cactus_top"},
				"east": {"uv": [8, 1, 9, 2], "texture": "#cactus_top"},
				"south": {"uv": [8, 1, 9, 2], "texture": "#cactus_top"},
				"west": {"uv": [8, 1, 9, 2], "texture": "#cactus_top"},
				"up": {"uv": [8, 1, 9, 2], "texture": "#cactus_top"},
				"down": {"uv": [8, 1, 9, 2], "texture": "#cactus_top"}
			}
		},
		{
			"from": [5, 12.5, 8],
			"to": [6, 13.5, 9],
			"rotation": {"angle": 0, "axis": "y", "origin": [13, 20, 22]},
			"faces": {
				"north": {"uv": [8, 1, 9, 2], "texture": "#cactus_top"},
				"east": {"uv": [8, 1, 9, 2], "texture": "#cactus_top"},
				"south": {"uv": [8, 1, 9, 2], "texture": "#cactus_top"},
				"west": {"uv": [8, 1, 9, 2], "texture": "#cactus_top"},
				"up": {"uv": [8, 1, 9, 2], "texture": "#cactus_top"},
				"down": {"uv": [8, 1, 9, 2], "texture": "#cactus_top"}
			}
		},
		{
			"from": [8, 7.5, 5],
			"to": [9, 8.5, 6],
			"rotation": {"angle": 0, "axis": "y", "origin": [16, 15, 13]},
			"faces": {
				"north": {"uv": [8, 1, 9, 2], "texture": "#cactus_top"},
				"east": {"uv": [8, 1, 9, 2], "texture": "#cactus_top"},
				"south": {"uv": [8, 1, 9, 2], "texture": "#cactus_top"},
				"west": {"uv": [8, 1, 9, 2], "texture": "#cactus_top"},
				"up": {"uv": [8, 1, 9, 2], "texture": "#cactus_top"},
				"down": {"uv": [8, 1, 9, 2], "texture": "#cactus_top"}
			}
		},
		{
			"from": [7, 11.5, 5],
			"to": [8, 12.5, 6],
			"rotation": {"angle": 0, "axis": "y", "origin": [15, 19, 13]},
			"faces": {
				"north": {"uv": [8, 1, 9, 2], "texture": "#cactus_top"},
				"east": {"uv": [8, 1, 9, 2], "texture": "#cactus_top"},
				"south": {"uv": [8, 1, 9, 2], "texture": "#cactus_top"},
				"west": {"uv": [8, 1, 9, 2], "texture": "#cactus_top"},
				"up": {"uv": [8, 1, 9, 2], "texture": "#cactus_top"},
				"down": {"uv": [8, 1, 9, 2], "texture": "#cactus_top"}
			}
		},
		{
			"from": [10, 7.5, 8],
			"to": [11, 8.5, 9],
			"rotation": {"angle": 0, "axis": "y", "origin": [18, 15, 16]},
			"faces": {
				"north": {"uv": [8, 1, 9, 2], "texture": "#cactus_top"},
				"east": {"uv": [8, 1, 9, 2], "texture": "#cactus_top"},
				"south": {"uv": [8, 1, 9, 2], "texture": "#cactus_top"},
				"west": {"uv": [8, 1, 9, 2], "texture": "#cactus_top"},
				"up": {"uv": [8, 1, 9, 2], "texture": "#cactus_top"},
				"down": {"uv": [8, 1, 9, 2], "texture": "#cactus_top"}
			}
		},
		{
			"from": [5, 3, 5],
			"to": [11, 6, 11],
			"rotation": {"angle": 0, "axis": "y", "origin": [18, 12, 17]},
			"faces": {
				"north": {"uv": [5, 11, 11, 16], "texture": "#flowerpot"},
				"east": {"uv": [5, 11, 11, 16], "texture": "#flowerpot"},
				"south": {"uv": [5, 11, 11, 16], "texture": "#flowerpot"},
				"west": {"uv": [5, 11, 11, 16], "texture": "#flowerpot"},
				"up": {"uv": [5, 5, 11, 11], "texture": "#flowerpot"},
				"down": {"uv": [5, 10, 11, 16], "texture": "#flowerpot"}
			}
		},
		{
			"from": [10, 12.5, 7],
			"to": [11, 13.5, 8],
			"rotation": {"angle": 0, "axis": "y", "origin": [18, 20, 15]},
			"faces": {
				"north": {"uv": [8, 1, 9, 2], "texture": "#cactus_top"},
				"east": {"uv": [8, 1, 9, 2], "texture": "#cactus_top"},
				"south": {"uv": [8, 1, 9, 2], "texture": "#cactus_top"},
				"west": {"uv": [8, 1, 9, 2], "texture": "#cactus_top"},
				"up": {"uv": [8, 1, 9, 2], "texture": "#cactus_top"},
				"down": {"uv": [8, 1, 9, 2], "texture": "#cactus_top"}
			}
		},
		{
			"from": [7, 7.5, 10],
			"to": [8, 8.5, 11],
			"rotation": {"angle": 0, "axis": "y", "origin": [15, 15, 18]},
			"faces": {
				"north": {"uv": [8, 1, 9, 2], "texture": "#cactus_top"},
				"east": {"uv": [8, 1, 9, 2], "texture": "#cactus_top"},
				"south": {"uv": [8, 1, 9, 2], "texture": "#cactus_top"},
				"west": {"uv": [8, 1, 9, 2], "texture": "#cactus_top"},
				"up": {"uv": [8, 1, 9, 2], "texture": "#cactus_top"},
				"down": {"uv": [8, 1, 9, 2], "texture": "#cactus_top"}
			}
		},
		{
			"from": [8, 11.5, 10],
			"to": [9, 12.5, 11],
			"rotation": {"angle": 0, "axis": "y", "origin": [16, 19, 18]},
			"faces": {
				"north": {"uv": [8, 1, 9, 2], "texture": "#cactus_top"},
				"east": {"uv": [8, 1, 9, 2], "texture": "#cactus_top"},
				"south": {"uv": [8, 1, 9, 2], "texture": "#cactus_top"},
				"west": {"uv": [8, 1, 9, 2], "texture": "#cactus_top"},
				"up": {"uv": [8, 1, 9, 2], "texture": "#cactus_top"},
				"down": {"uv": [8, 1, 9, 2], "texture": "#cactus_top"}
			}
		},
		{
			"from": [10, 9, 8],
			"to": [11, 10, 9],
			"rotation": {"angle": 0, "axis": "y", "origin": [18, 17, 16]},
			"faces": {
				"north": {"uv": [0, 0, 1, 1], "texture": "#3"},
				"east": {"uv": [0, 0, 1, 1], "texture": "#3"},
				"south": {"uv": [0, 0, 1, 1], "texture": "#3"},
				"west": {"uv": [0, 0, 1, 1], "texture": "#3"},
				"up": {"uv": [0, 0, 1, 1], "texture": "#3"},
				"down": {"uv": [0, 0, 1, 1], "texture": "#3"}
			}
		},
		{
			"from": [10, 10, 8],
			"to": [11, 11, 9],
			"rotation": {"angle": 0, "axis": "y", "origin": [18, 18, 16]},
			"faces": {
				"north": {"uv": [0, 0, 1, 1], "texture": "#7"},
				"east": {"uv": [0, 0, 1, 1], "texture": "#7"},
				"south": {"uv": [0, 0, 1, 1], "texture": "#7"},
				"west": {"uv": [0, 0, 1, 1], "texture": "#7"},
				"up": {"uv": [0, 0, 1, 1], "texture": "#7"},
				"down": {"uv": [0, 0, 1, 1], "texture": "#7"}
			}
		},
		{
			"from": [10, 10, 7],
			"to": [11, 11, 8],
			"rotation": {"angle": 0, "axis": "y", "origin": [18, 18, 15]},
			"faces": {
				"north": {"uv": [0, 0, 1, 1], "texture": "#3"},
				"east": {"uv": [0, 0, 1, 1], "texture": "#3"},
				"south": {"uv": [0, 0, 1, 1], "texture": "#3"},
				"west": {"uv": [0, 0, 1, 1], "texture": "#3"},
				"up": {"uv": [0, 0, 1, 1], "texture": "#3"},
				"down": {"uv": [0, 0, 1, 1], "texture": "#3"}
			}
		},
		{
			"from": [10, 9, 7],
			"to": [11, 10, 8],
			"rotation": {"angle": 0, "axis": "y", "origin": [18, 17, 15]},
			"faces": {
				"north": {"uv": [0, 0, 1, 1], "texture": "#3"},
				"east": {"uv": [0, 0, 1, 1], "texture": "#3"},
				"south": {"uv": [0, 0, 1, 1], "texture": "#3"},
				"west": {"uv": [0, 0, 1, 1], "texture": "#3"},
				"up": {"uv": [0, 0, 1, 1], "texture": "#3"},
				"down": {"uv": [0, 0, 1, 1], "texture": "#3"}
			}
		},
		{
			"from": [10, 10, 6],
			"to": [11, 11, 7],
			"rotation": {"angle": 0, "axis": "y", "origin": [18, 18, 14]},
			"faces": {
				"north": {"uv": [0, 0, 1, 1], "texture": "#6"},
				"east": {"uv": [0, 0, 1, 1], "texture": "#6"},
				"south": {"uv": [0, 0, 1, 1], "texture": "#6"},
				"west": {"uv": [0, 0, 1, 1], "texture": "#6"},
				"up": {"uv": [0, 0, 1, 1], "texture": "#6"},
				"down": {"uv": [0, 0, 1, 1], "texture": "#6"}
			}
		},
		{
			"from": [10, 10, 10],
			"to": [11, 11, 11],
			"rotation": {"angle": 0, "axis": "y", "origin": [18, 18, 18]},
			"faces": {
				"north": {"uv": [0, 0, 1, 1], "texture": "#6"},
				"east": {"uv": [0, 0, 1, 1], "texture": "#6"},
				"south": {"uv": [0, 0, 1, 1], "texture": "#6"},
				"west": {"uv": [0, 0, 1, 1], "texture": "#6"},
				"up": {"uv": [0, 0, 1, 1], "texture": "#6"},
				"down": {"uv": [0, 0, 1, 1], "texture": "#6"}
			}
		},
		{
			"from": [10, 11, 6],
			"to": [11, 12, 7],
			"rotation": {"angle": 0, "axis": "y", "origin": [18, 19, 14]},
			"faces": {
				"north": {"uv": [0, 0, 1, 1], "texture": "#3"},
				"east": {"uv": [0, 0, 1, 1], "texture": "#3"},
				"south": {"uv": [0, 0, 1, 1], "texture": "#3"},
				"west": {"uv": [0, 0, 1, 1], "texture": "#3"},
				"up": {"uv": [0, 0, 1, 1], "texture": "#3"},
				"down": {"uv": [0, 0, 1, 1], "texture": "#3"}
			}
		},
		{
			"from": [10, 11, 10],
			"to": [11, 12, 11],
			"rotation": {"angle": 0, "axis": "y", "origin": [18, 19, 18]},
			"faces": {
				"north": {"uv": [0, 0, 1, 1], "texture": "#3"},
				"east": {"uv": [0, 0, 1, 1], "texture": "#3"},
				"south": {"uv": [0, 0, 1, 1], "texture": "#3"},
				"west": {"uv": [0, 0, 1, 1], "texture": "#3"},
				"up": {"uv": [0, 0, 1, 1], "texture": "#3"},
				"down": {"uv": [0, 0, 1, 1], "texture": "#3"}
			}
		},
		{
			"from": [10, 11, 5],
			"to": [11, 12, 6],
			"rotation": {"angle": 0, "axis": "y", "origin": [18, 19, 13]},
			"faces": {
				"north": {"uv": [0, 0, 1, 1], "texture": "#6"},
				"east": {"uv": [0, 0, 1, 1], "texture": "#6"},
				"south": {"uv": [0, 0, 1, 1], "texture": "#6"},
				"west": {"uv": [0, 0, 1, 1], "texture": "#6"},
				"up": {"uv": [0, 0, 1, 1], "texture": "#6"},
				"down": {"uv": [0, 0, 1, 1], "texture": "#6"}
			}
		},
		{
			"from": [10, 11, 9],
			"to": [11, 12, 10],
			"rotation": {"angle": 0, "axis": "y", "origin": [18, 19, 17]},
			"faces": {
				"north": {"uv": [0, 0, 1, 1], "texture": "#6"},
				"east": {"uv": [0, 0, 1, 1], "texture": "#6"},
				"south": {"uv": [0, 0, 1, 1], "texture": "#6"},
				"west": {"uv": [0, 0, 1, 1], "texture": "#6"},
				"up": {"uv": [0, 0, 1, 1], "texture": "#6"},
				"down": {"uv": [0, 0, 1, 1], "texture": "#6"}
			}
		},
		{
			"from": [10, 10, 5],
			"to": [11, 11, 6],
			"rotation": {"angle": 0, "axis": "y", "origin": [18, 18, 13]},
			"faces": {
				"north": {"uv": [0, 0, 1, 1], "texture": "#6"},
				"east": {"uv": [0, 0, 1, 1], "texture": "#6"},
				"south": {"uv": [0, 0, 1, 1], "texture": "#6"},
				"west": {"uv": [0, 0, 1, 1], "texture": "#6"},
				"up": {"uv": [0, 0, 1, 1], "texture": "#6"},
				"down": {"uv": [0, 0, 1, 1], "texture": "#6"}
			}
		},
		{
			"from": [10, 10, 9],
			"to": [11, 11, 10],
			"rotation": {"angle": 0, "axis": "y", "origin": [18, 18, 17]},
			"faces": {
				"north": {"uv": [0, 0, 1, 1], "texture": "#6"},
				"east": {"uv": [0, 0, 1, 1], "texture": "#6"},
				"south": {"uv": [0, 0, 1, 1], "texture": "#6"},
				"west": {"uv": [0, 0, 1, 1], "texture": "#6"},
				"up": {"uv": [0, 0, 1, 1], "texture": "#6"},
				"down": {"uv": [0, 0, 1, 1], "texture": "#6"}
			}
		}
	],
	"display": {
		"gui": {
			"rotation": [13.75, -57, 0],
			"translation": [0, 1, 0]
		},
		"head": {
			"rotation": [0, 90, 0],
			"translation": [0, 18.5, 0],
			"scale": [1.5, 1.5, 1.5]
		},
		"fixed": {
			"rotation": [90, 0, 0],
			"translation": [0, 0, 45.25],
			"scale": [1.5, 1.5, 1.5]
		}
	}
}