{
	"credit": "Made with Blockbench",
	"parent": "minecraft:block/cube_bottom_top",
	"textures": {
		"top": "block/barrel_top_open",
		"bottom": "block/barrel_bottom",
		"side": "block/barrel_side"
	},
	"elements": [
		{
			"from": [0, 0, 0],
			"to": [16, 16, 16],
			"faces": {
				"north": {"uv": [0, 0, 16, 16], "texture": "#side"},
				"east": {"uv": [0, 0, 16, 16], "texture": "#side"},
				"south": {"uv": [0, 0, 16, 16], "texture": "#side"},
				"west": {"uv": [0, 0, 16, 16], "texture": "#side"},
				"up": {"uv": [0, 0, 16, 16], "texture": "#top"},
				"down": {"uv": [0, 0, 16, 16], "texture": "#bottom"}
			}
		},
		{
			"from": [-0.5, 11, -0.5],
			"to": [16.5, 13, 16.5],
			"rotation": {"angle": 0, "axis": "y", "origin": [8, 19, 8]},
			"faces": {
				"north": {"uv": [0, 3, 16, 5], "texture": "#side"},
				"east": {"uv": [0, 3, 16, 5], "texture": "#side"},
				"south": {"uv": [0, 3, 16, 5], "texture": "#side"},
				"west": {"uv": [0, 3, 16, 5], "texture": "#side"},
				"up": {"uv": [0, 3, 16, 5], "texture": "#side"},
				"down": {"uv": [0, 3, 16, 5], "texture": "#side"}
			}
		},
		{
			"from": [-0.5, 3, -0.5],
			"to": [16.5, 5, 16.5],
			"rotation": {"angle": 0, "axis": "y", "origin": [8, 11, 8]},
			"faces": {
				"north": {"uv": [0, 3, 16, 5], "texture": "#side"},
				"east": {"uv": [0, 3, 16, 5], "texture": "#side"},
				"south": {"uv": [0, 3, 16, 5], "texture": "#side"},
				"west": {"uv": [0, 3, 16, 5], "texture": "#side"},
				"up": {"uv": [0, 3, 16, 5], "rotation": 180, "texture": "#side"},
				"down": {"uv": [0, 3, 16, 5], "rotation": 180, "texture": "#side"}
			}
		}
	]
}