{
	"credit": "Made with Blockbench",
	"parent": "block/block",
	"ambientocclusion": false,
	"textures": {
		"bottom": "block/cactus_bottom",
		"top": "block/cactus_top",
		"particle": "block/cactus_side",
		"side": "block/cactus_side"
	},
	"elements": [
		{
			"from": [0, 0, 0],
			"to": [16, 16, 16],
			"faces": {
				"up": {"uv": [0, 0, 16, 16], "texture": "#top", "cullface": "up"},
				"down": {"uv": [0, 0, 16, 16], "texture": "#bottom", "cullface": "down"}
			}
		},
		{
			"from": [0, 0, 1],
			"to": [16, 16, 15],
			"faces": {
				"north": {"uv": [0, 0, 16, 16], "texture": "#side"},
				"south": {"uv": [0, 0, 16, 16], "texture": "#side"}
			}
		},
		{
			"from": [1, 0, 0],
			"to": [15, 16, 16],
			"faces": {
				"east": {"uv": [0, 0, 16, 16], "texture": "#side"},
				"west": {"uv": [0, 0, 16, 16], "texture": "#side"}
			}
		},
		{
			"from": [0, 3, 0],
			"to": [1, 4, 1],
			"rotation": {"angle": 0, "axis": "y", "origin": [8, 11, 8]},
			"faces": {
				"north": {"uv": [0, 2, 1, 3], "texture": "#side"},
				"east": {"uv": [0, 2, 1, 3], "texture": "#side"},
				"south": {"uv": [0, 2, 1, 3], "texture": "#side"},
				"west": {"uv": [0, 2, 1, 3], "texture": "#side"},
				"up": {"uv": [0, 2, 1, 3], "texture": "#side"},
				"down": {"uv": [0, 2, 1, 3], "texture": "#side"}
			}
		},
		{
			"from": [0, 3, 1],
			"to": [1, 4, 2],
			"rotation": {"angle": 0, "axis": "y", "origin": [8, 11, 9]},
			"faces": {
				"north": {"uv": [0, 2, 1, 3], "texture": "#side"},
				"east": {"uv": [0, 2, 1, 3], "texture": "#side"},
				"south": {"uv": [0, 2, 1, 3], "texture": "#side"},
				"west": {"uv": [0, 2, 1, 3], "texture": "#side"},
				"up": {"uv": [0, 2, 1, 3], "texture": "#side"},
				"down": {"uv": [0, 2, 1, 3], "texture": "#side"}
			}
		},
		{
			"from": [0, 9, 0],
			"to": [1, 10, 1],
			"rotation": {"angle": 0, "axis": "y", "origin": [8, 17, 8]},
			"faces": {
				"north": {"uv": [0, 2, 1, 3], "texture": "#side"},
				"east": {"uv": [0, 2, 1, 3], "texture": "#side"},
				"south": {"uv": [0, 2, 1, 3], "texture": "#side"},
				"west": {"uv": [0, 2, 1, 3], "texture": "#side"},
				"up": {"uv": [0, 2, 1, 3], "texture": "#side"},
				"down": {"uv": [0, 2, 1, 3], "texture": "#side"}
			}
		},
		{
			"from": [0, 5, 0],
			"to": [1, 6, 1],
			"rotation": {"angle": 0, "axis": "y", "origin": [8, 13, 8]},
			"faces": {
				"north": {"uv": [0, 2, 1, 3], "texture": "#side"},
				"east": {"uv": [0, 2, 1, 3], "texture": "#side"},
				"south": {"uv": [0, 2, 1, 3], "texture": "#side"},
				"west": {"uv": [0, 2, 1, 3], "texture": "#side"},
				"up": {"uv": [0, 2, 1, 3], "texture": "#side"},
				"down": {"uv": [0, 2, 1, 3], "texture": "#side"}
			}
		},
		{
			"from": [1, 5, 0],
			"to": [2, 6, 1],
			"rotation": {"angle": 0, "axis": "y", "origin": [9, 13, 8]},
			"faces": {
				"north": {"uv": [0, 2, 1, 3], "texture": "#side"},
				"east": {"uv": [0, 2, 1, 3], "texture": "#side"},
				"south": {"uv": [0, 2, 1, 3], "texture": "#side"},
				"west": {"uv": [0, 2, 1, 3], "texture": "#side"},
				"up": {"uv": [0, 2, 1, 3], "texture": "#side"},
				"down": {"uv": [0, 2, 1, 3], "texture": "#side"}
			}
		},
		{
			"from": [1, 10, 0],
			"to": [2, 11, 1],
			"rotation": {"angle": 0, "axis": "y", "origin": [9, 18, 8]},
			"faces": {
				"north": {"uv": [0, 2, 1, 3], "texture": "#side"},
				"east": {"uv": [0, 2, 1, 3], "texture": "#side"},
				"south": {"uv": [0, 2, 1, 3], "texture": "#side"},
				"west": {"uv": [0, 2, 1, 3], "texture": "#side"},
				"up": {"uv": [0, 2, 1, 3], "texture": "#side"},
				"down": {"uv": [0, 2, 1, 3], "texture": "#side"}
			}
		},
		{
			"from": [1, 14, 0],
			"to": [2, 15, 1],
			"rotation": {"angle": 0, "axis": "y", "origin": [9, 22, 8]},
			"faces": {
				"north": {"uv": [0, 2, 1, 3], "texture": "#side"},
				"east": {"uv": [0, 2, 1, 3], "texture": "#side"},
				"south": {"uv": [0, 2, 1, 3], "texture": "#side"},
				"west": {"uv": [0, 2, 1, 3], "texture": "#side"},
				"up": {"uv": [0, 2, 1, 3], "texture": "#side"},
				"down": {"uv": [0, 2, 1, 3], "texture": "#side"}
			}
		},
		{
			"from": [7, 17, 4],
			"to": [8, 18, 5],
			"rotation": {"angle": 0, "axis": "y", "origin": [15, 25, 12]},
			"faces": {
				"north": {"uv": [0, 2, 1, 3], "texture": "#side"},
				"east": {"uv": [0, 2, 1, 3], "texture": "#side"},
				"south": {"uv": [0, 2, 1, 3], "texture": "#side"},
				"west": {"uv": [0, 2, 1, 3], "texture": "#side"},
				"up": {"uv": [0, 2, 1, 3], "texture": "#side"},
				"down": {"uv": [0, 2, 1, 3], "texture": "#side"}
			}
		},
		{
			"from": [4, 17, 3],
			"to": [5, 18, 4],
			"rotation": {"angle": 0, "axis": "y", "origin": [12, 25, 11]},
			"faces": {
				"north": {"uv": [0, 2, 1, 3], "texture": "#side"},
				"east": {"uv": [0, 2, 1, 3], "texture": "#side"},
				"south": {"uv": [0, 2, 1, 3], "texture": "#side"},
				"west": {"uv": [0, 2, 1, 3], "texture": "#side"},
				"up": {"uv": [0, 2, 1, 3], "texture": "#side"},
				"down": {"uv": [0, 2, 1, 3], "texture": "#side"}
			}
		},
		{
			"from": [2, 17, 6],
			"to": [3, 18, 7],
			"rotation": {"angle": 0, "axis": "y", "origin": [10, 25, 14]},
			"faces": {
				"north": {"uv": [0, 2, 1, 3], "texture": "#side"},
				"east": {"uv": [0, 2, 1, 3], "texture": "#side"},
				"south": {"uv": [0, 2, 1, 3], "texture": "#side"},
				"west": {"uv": [0, 2, 1, 3], "texture": "#side"},
				"up": {"uv": [0, 2, 1, 3], "texture": "#side"},
				"down": {"uv": [0, 2, 1, 3], "texture": "#side"}
			}
		},
		{
			"from": [5, 17, 8],
			"to": [6, 18, 9],
			"rotation": {"angle": 0, "axis": "y", "origin": [13, 25, 16]},
			"faces": {
				"north": {"uv": [0, 2, 1, 3], "texture": "#side"},
				"east": {"uv": [0, 2, 1, 3], "texture": "#side"},
				"south": {"uv": [0, 2, 1, 3], "texture": "#side"},
				"west": {"uv": [0, 2, 1, 3], "texture": "#side"},
				"up": {"uv": [0, 2, 1, 3], "texture": "#side"},
				"down": {"uv": [0, 2, 1, 3], "texture": "#side"}
			}
		},
		{
			"from": [6, 17, 12],
			"to": [7, 18, 13],
			"rotation": {"angle": 0, "axis": "y", "origin": [14, 25, 20]},
			"faces": {
				"north": {"uv": [0, 2, 1, 3], "texture": "#side"},
				"east": {"uv": [0, 2, 1, 3], "texture": "#side"},
				"south": {"uv": [0, 2, 1, 3], "texture": "#side"},
				"west": {"uv": [0, 2, 1, 3], "texture": "#side"},
				"up": {"uv": [0, 2, 1, 3], "texture": "#side"},
				"down": {"uv": [0, 2, 1, 3], "texture": "#side"}
			}
		},
		{
			"from": [9, 17, 9],
			"to": [10, 18, 10],
			"rotation": {"angle": 0, "axis": "y", "origin": [17, 25, 17]},
			"faces": {
				"north": {"uv": [0, 2, 1, 3], "texture": "#side"},
				"east": {"uv": [0, 2, 1, 3], "texture": "#side"},
				"south": {"uv": [0, 2, 1, 3], "texture": "#side"},
				"west": {"uv": [0, 2, 1, 3], "texture": "#side"},
				"up": {"uv": [0, 2, 1, 3], "texture": "#side"},
				"down": {"uv": [0, 2, 1, 3], "texture": "#side"}
			}
		},
		{
			"from": [10, 17, 5],
			"to": [11, 18, 6],
			"rotation": {"angle": 0, "axis": "y", "origin": [18, 25, 13]},
			"faces": {
				"north": {"uv": [0, 2, 1, 3], "texture": "#side"},
				"east": {"uv": [0, 2, 1, 3], "texture": "#side"},
				"south": {"uv": [0, 2, 1, 3], "texture": "#side"},
				"west": {"uv": [0, 2, 1, 3], "texture": "#side"},
				"up": {"uv": [0, 2, 1, 3], "texture": "#side"},
				"down": {"uv": [0, 2, 1, 3], "texture": "#side"}
			}
		},
		{
			"from": [12, 17, 9],
			"to": [13, 18, 10],
			"rotation": {"angle": 0, "axis": "y", "origin": [20, 25, 17]},
			"faces": {
				"north": {"uv": [0, 2, 1, 3], "texture": "#side"},
				"east": {"uv": [0, 2, 1, 3], "texture": "#side"},
				"south": {"uv": [0, 2, 1, 3], "texture": "#side"},
				"west": {"uv": [0, 2, 1, 3], "texture": "#side"},
				"up": {"uv": [0, 2, 1, 3], "texture": "#side"},
				"down": {"uv": [0, 2, 1, 3], "texture": "#side"}
			}
		},
		{
			"from": [12, 17, 12.1],
			"to": [13, 18, 13.1],
			"rotation": {"angle": 0, "axis": "y", "origin": [20, 25, 20.1]},
			"faces": {
				"north": {"uv": [0, 2, 1, 3], "texture": "#side"},
				"east": {"uv": [0, 2, 1, 3], "texture": "#side"},
				"south": {"uv": [0, 2, 1, 3], "texture": "#side"},
				"west": {"uv": [0, 2, 1, 3], "texture": "#side"},
				"up": {"uv": [0, 2, 1, 3], "texture": "#side"},
				"down": {"uv": [0, 2, 1, 3], "texture": "#side"}
			}
		},
		{
			"from": [0, 13, 0],
			"to": [1, 14, 1],
			"rotation": {"angle": 0, "axis": "y", "origin": [8, 21, 8]},
			"faces": {
				"north": {"uv": [0, 2, 1, 3], "texture": "#side"},
				"east": {"uv": [0, 2, 1, 3], "texture": "#side"},
				"south": {"uv": [0, 2, 1, 3], "texture": "#side"},
				"west": {"uv": [0, 2, 1, 3], "texture": "#side"},
				"up": {"uv": [0, 2, 1, 3], "texture": "#side"},
				"down": {"uv": [0, 2, 1, 3], "texture": "#side"}
			}
		},
		{
			"from": [0, 13, 1],
			"to": [1, 14, 2],
			"rotation": {"angle": 0, "axis": "y", "origin": [8, 21, 9]},
			"faces": {
				"north": {"uv": [0, 2, 1, 3], "texture": "#side"},
				"east": {"uv": [0, 2, 1, 3], "texture": "#side"},
				"south": {"uv": [0, 2, 1, 3], "texture": "#side"},
				"west": {"uv": [0, 2, 1, 3], "texture": "#side"},
				"up": {"uv": [0, 2, 1, 3], "texture": "#side"},
				"down": {"uv": [0, 2, 1, 3], "texture": "#side"}
			}
		},
		{
			"from": [0, 14, 5],
			"to": [1, 15, 6],
			"rotation": {"angle": 0, "axis": "y", "origin": [8, 22, 13]},
			"faces": {
				"north": {"uv": [0, 2, 1, 3], "texture": "#side"},
				"east": {"uv": [0, 2, 1, 3], "texture": "#side"},
				"south": {"uv": [0, 2, 1, 3], "texture": "#side"},
				"west": {"uv": [0, 2, 1, 3], "texture": "#side"},
				"up": {"uv": [0, 2, 1, 3], "texture": "#side"},
				"down": {"uv": [0, 2, 1, 3], "texture": "#side"}
			}
		},
		{
			"from": [0, 9, 7],
			"to": [1, 10, 8],
			"rotation": {"angle": 0, "axis": "y", "origin": [8, 17, 15]},
			"faces": {
				"north": {"uv": [0, 2, 1, 3], "texture": "#side"},
				"east": {"uv": [0, 2, 1, 3], "texture": "#side"},
				"south": {"uv": [0, 2, 1, 3], "texture": "#side"},
				"west": {"uv": [0, 2, 1, 3], "texture": "#side"},
				"up": {"uv": [0, 2, 1, 3], "texture": "#side"},
				"down": {"uv": [0, 2, 1, 3], "texture": "#side"}
			}
		},
		{
			"from": [0, 5, 5],
			"to": [1, 6, 6],
			"rotation": {"angle": 0, "axis": "y", "origin": [8, 13, 13]},
			"faces": {
				"north": {"uv": [0, 2, 1, 3], "texture": "#side"},
				"east": {"uv": [0, 2, 1, 3], "texture": "#side"},
				"south": {"uv": [0, 2, 1, 3], "texture": "#side"},
				"west": {"uv": [0, 2, 1, 3], "texture": "#side"},
				"up": {"uv": [0, 2, 1, 3], "texture": "#side"},
				"down": {"uv": [0, 2, 1, 3], "texture": "#side"}
			}
		},
		{
			"from": [0, 1, 10],
			"to": [1, 2, 11],
			"rotation": {"angle": 0, "axis": "y", "origin": [8, 9, 18]},
			"faces": {
				"north": {"uv": [0, 2, 1, 3], "texture": "#side"},
				"east": {"uv": [0, 2, 1, 3], "texture": "#side"},
				"south": {"uv": [0, 2, 1, 3], "texture": "#side"},
				"west": {"uv": [0, 2, 1, 3], "texture": "#side"},
				"up": {"uv": [0, 2, 1, 3], "texture": "#side"},
				"down": {"uv": [0, 2, 1, 3], "texture": "#side"}
			}
		},
		{
			"from": [0, 12, 10],
			"to": [1, 13, 11],
			"rotation": {"angle": 0, "axis": "y", "origin": [8, 20, 18]},
			"faces": {
				"north": {"uv": [0, 2, 1, 3], "texture": "#side"},
				"east": {"uv": [0, 2, 1, 3], "texture": "#side"},
				"south": {"uv": [0, 2, 1, 3], "texture": "#side"},
				"west": {"uv": [0, 2, 1, 3], "texture": "#side"},
				"up": {"uv": [0, 2, 1, 3], "texture": "#side"},
				"down": {"uv": [0, 2, 1, 3], "texture": "#side"}
			}
		},
		{
			"from": [0, 14, 14],
			"to": [1, 15, 15],
			"rotation": {"angle": 0, "axis": "y", "origin": [8, 22, 22]},
			"faces": {
				"north": {"uv": [0, 2, 1, 3], "texture": "#side"},
				"east": {"uv": [0, 2, 1, 3], "texture": "#side"},
				"south": {"uv": [0, 2, 1, 3], "texture": "#side"},
				"west": {"uv": [0, 2, 1, 3], "texture": "#side"},
				"up": {"uv": [0, 2, 1, 3], "texture": "#side"},
				"down": {"uv": [0, 2, 1, 3], "texture": "#side"}
			}
		},
		{
			"from": [0, 10, 14],
			"to": [1, 11, 15],
			"rotation": {"angle": 0, "axis": "y", "origin": [8, 18, 22]},
			"faces": {
				"north": {"uv": [0, 2, 1, 3], "texture": "#side"},
				"east": {"uv": [0, 2, 1, 3], "texture": "#side"},
				"south": {"uv": [0, 2, 1, 3], "texture": "#side"},
				"west": {"uv": [0, 2, 1, 3], "texture": "#side"},
				"up": {"uv": [0, 2, 1, 3], "texture": "#side"},
				"down": {"uv": [0, 2, 1, 3], "texture": "#side"}
			}
		},
		{
			"from": [0, 5, 14],
			"to": [1, 6, 15],
			"rotation": {"angle": 0, "axis": "y", "origin": [8, 13, 22]},
			"faces": {
				"north": {"uv": [0, 2, 1, 3], "texture": "#side"},
				"east": {"uv": [0, 2, 1, 3], "texture": "#side"},
				"south": {"uv": [0, 2, 1, 3], "texture": "#side"},
				"west": {"uv": [0, 2, 1, 3], "texture": "#side"},
				"up": {"uv": [0, 2, 1, 3], "texture": "#side"},
				"down": {"uv": [0, 2, 1, 3], "texture": "#side"}
			}
		},
		{
			"from": [0, 5, 15],
			"to": [1, 6, 16],
			"rotation": {"angle": 0, "axis": "y", "origin": [8, 13, 23]},
			"faces": {
				"north": {"uv": [0, 2, 1, 3], "texture": "#side"},
				"east": {"uv": [0, 2, 1, 3], "texture": "#side"},
				"south": {"uv": [0, 2, 1, 3], "texture": "#side"},
				"west": {"uv": [0, 2, 1, 3], "texture": "#side"},
				"up": {"uv": [0, 2, 1, 3], "texture": "#side"},
				"down": {"uv": [0, 2, 1, 3], "texture": "#side"}
			}
		},
		{
			"from": [0, 3, 15],
			"to": [1, 4, 16],
			"rotation": {"angle": 0, "axis": "y", "origin": [8, 11, 23]},
			"faces": {
				"north": {"uv": [0, 2, 1, 3], "texture": "#side"},
				"east": {"uv": [0, 2, 1, 3], "texture": "#side"},
				"south": {"uv": [0, 2, 1, 3], "texture": "#side"},
				"west": {"uv": [0, 2, 1, 3], "texture": "#side"},
				"up": {"uv": [0, 2, 1, 3], "texture": "#side"},
				"down": {"uv": [0, 2, 1, 3], "texture": "#side"}
			}
		},
		{
			"from": [1, 3, 15],
			"to": [2, 4, 16],
			"rotation": {"angle": 0, "axis": "y", "origin": [9, 11, 23]},
			"faces": {
				"north": {"uv": [0, 2, 1, 3], "texture": "#side"},
				"east": {"uv": [0, 2, 1, 3], "texture": "#side"},
				"south": {"uv": [0, 2, 1, 3], "texture": "#side"},
				"west": {"uv": [0, 2, 1, 3], "texture": "#side"},
				"up": {"uv": [0, 2, 1, 3], "texture": "#side"},
				"down": {"uv": [0, 2, 1, 3], "texture": "#side"}
			}
		},
		{
			"from": [1, 13, 15],
			"to": [2, 14, 16],
			"rotation": {"angle": 0, "axis": "y", "origin": [9, 21, 23]},
			"faces": {
				"north": {"uv": [0, 2, 1, 3], "texture": "#side"},
				"east": {"uv": [0, 2, 1, 3], "texture": "#side"},
				"south": {"uv": [0, 2, 1, 3], "texture": "#side"},
				"west": {"uv": [0, 2, 1, 3], "texture": "#side"},
				"up": {"uv": [0, 2, 1, 3], "texture": "#side"},
				"down": {"uv": [0, 2, 1, 3], "texture": "#side"}
			}
		},
		{
			"from": [0, 13, 15],
			"to": [1, 14, 16],
			"rotation": {"angle": 0, "axis": "y", "origin": [8, 21, 23]},
			"faces": {
				"north": {"uv": [0, 2, 1, 3], "texture": "#side"},
				"east": {"uv": [0, 2, 1, 3], "texture": "#side"},
				"south": {"uv": [0, 2, 1, 3], "texture": "#side"},
				"west": {"uv": [0, 2, 1, 3], "texture": "#side"},
				"up": {"uv": [0, 2, 1, 3], "texture": "#side"},
				"down": {"uv": [0, 2, 1, 3], "texture": "#side"}
			}
		},
		{
			"from": [5, 14, 15],
			"to": [6, 15, 16],
			"rotation": {"angle": 0, "axis": "y", "origin": [13, 22, 23]},
			"faces": {
				"north": {"uv": [0, 2, 1, 3], "texture": "#side"},
				"east": {"uv": [0, 2, 1, 3], "texture": "#side"},
				"south": {"uv": [0, 2, 1, 3], "texture": "#side"},
				"west": {"uv": [0, 2, 1, 3], "texture": "#side"},
				"up": {"uv": [0, 2, 1, 3], "texture": "#side"},
				"down": {"uv": [0, 2, 1, 3], "texture": "#side"}
			}
		},
		{
			"from": [10, 12, 15],
			"to": [11, 13, 16],
			"rotation": {"angle": 0, "axis": "y", "origin": [18, 20, 23]},
			"faces": {
				"north": {"uv": [0, 2, 1, 3], "texture": "#side"},
				"east": {"uv": [0, 2, 1, 3], "texture": "#side"},
				"south": {"uv": [0, 2, 1, 3], "texture": "#side"},
				"west": {"uv": [0, 2, 1, 3], "texture": "#side"},
				"up": {"uv": [0, 2, 1, 3], "texture": "#side"},
				"down": {"uv": [0, 2, 1, 3], "texture": "#side"}
			}
		},
		{
			"from": [7, 9, 15],
			"to": [8, 10, 16],
			"rotation": {"angle": 0, "axis": "y", "origin": [15, 17, 23]},
			"faces": {
				"north": {"uv": [0, 2, 1, 3], "texture": "#side"},
				"east": {"uv": [0, 2, 1, 3], "texture": "#side"},
				"south": {"uv": [0, 2, 1, 3], "texture": "#side"},
				"west": {"uv": [0, 2, 1, 3], "texture": "#side"},
				"up": {"uv": [0, 2, 1, 3], "texture": "#side"},
				"down": {"uv": [0, 2, 1, 3], "texture": "#side"}
			}
		},
		{
			"from": [5, 5, 15],
			"to": [6, 6, 16],
			"rotation": {"angle": 0, "axis": "y", "origin": [13, 13, 23]},
			"faces": {
				"north": {"uv": [0, 2, 1, 3], "texture": "#side"},
				"east": {"uv": [0, 2, 1, 3], "texture": "#side"},
				"south": {"uv": [0, 2, 1, 3], "texture": "#side"},
				"west": {"uv": [0, 2, 1, 3], "texture": "#side"},
				"up": {"uv": [0, 2, 1, 3], "texture": "#side"},
				"down": {"uv": [0, 2, 1, 3], "texture": "#side"}
			}
		},
		{
			"from": [10.1, 1, 15],
			"to": [11.1, 2, 16],
			"rotation": {"angle": 0, "axis": "y", "origin": [18.1, 9, 23]},
			"faces": {
				"north": {"uv": [0, 2, 1, 3], "texture": "#side"},
				"east": {"uv": [0, 2, 1, 3], "texture": "#side"},
				"south": {"uv": [0, 2, 1, 3], "texture": "#side"},
				"west": {"uv": [0, 2, 1, 3], "texture": "#side"},
				"up": {"uv": [0, 2, 1, 3], "texture": "#side"},
				"down": {"uv": [0, 2, 1, 3], "texture": "#side"}
			}
		},
		{
			"from": [14.1, 5, 15],
			"to": [15.1, 6, 16],
			"rotation": {"angle": 0, "axis": "y", "origin": [22.1, 13, 23]},
			"faces": {
				"north": {"uv": [0, 2, 1, 3], "texture": "#side"},
				"east": {"uv": [0, 2, 1, 3], "texture": "#side"},
				"south": {"uv": [0, 2, 1, 3], "texture": "#side"},
				"west": {"uv": [0, 2, 1, 3], "texture": "#side"},
				"up": {"uv": [0, 2, 1, 3], "texture": "#side"},
				"down": {"uv": [0, 2, 1, 3], "texture": "#side"}
			}
		},
		{
			"from": [15.1, 5, 15],
			"to": [16.1, 6, 16],
			"rotation": {"angle": 0, "axis": "y", "origin": [23.1, 13, 23]},
			"faces": {
				"north": {"uv": [0, 2, 1, 3], "texture": "#side"},
				"east": {"uv": [0, 2, 1, 3], "texture": "#side"},
				"south": {"uv": [0, 2, 1, 3], "texture": "#side"},
				"west": {"uv": [0, 2, 1, 3], "texture": "#side"},
				"up": {"uv": [0, 2, 1, 3], "texture": "#side"},
				"down": {"uv": [0, 2, 1, 3], "texture": "#side"}
			}
		},
		{
			"from": [15.1, 3, 15],
			"to": [16.1, 4, 16],
			"rotation": {"angle": 0, "axis": "y", "origin": [23.1, 11, 23]},
			"faces": {
				"north": {"uv": [0, 2, 1, 3], "texture": "#side"},
				"east": {"uv": [0, 2, 1, 3], "texture": "#side"},
				"south": {"uv": [0, 2, 1, 3], "texture": "#side"},
				"west": {"uv": [0, 2, 1, 3], "texture": "#side"},
				"up": {"uv": [0, 2, 1, 3], "texture": "#side"},
				"down": {"uv": [0, 2, 1, 3], "texture": "#side"}
			}
		},
		{
			"from": [15.1, 3, 14],
			"to": [16.1, 4, 15],
			"rotation": {"angle": 0, "axis": "y", "origin": [23.1, 11, 22]},
			"faces": {
				"north": {"uv": [0, 2, 1, 3], "texture": "#side"},
				"east": {"uv": [0, 2, 1, 3], "texture": "#side"},
				"south": {"uv": [0, 2, 1, 3], "texture": "#side"},
				"west": {"uv": [0, 2, 1, 3], "texture": "#side"},
				"up": {"uv": [0, 2, 1, 3], "texture": "#side"},
				"down": {"uv": [0, 2, 1, 3], "texture": "#side"}
			}
		},
		{
			"from": [15, 13, 15],
			"to": [16, 14, 16],
			"rotation": {"angle": 0, "axis": "y", "origin": [23, 21, 38]},
			"faces": {
				"north": {"uv": [0, 2, 1, 3], "texture": "#side"},
				"east": {"uv": [0, 2, 1, 3], "texture": "#side"},
				"south": {"uv": [0, 2, 1, 3], "texture": "#side"},
				"west": {"uv": [0, 2, 1, 3], "texture": "#side"},
				"up": {"uv": [0, 2, 1, 3], "texture": "#side"},
				"down": {"uv": [0, 2, 1, 3], "texture": "#side"}
			}
		},
		{
			"from": [15, 13, 14],
			"to": [16, 14, 15],
			"rotation": {"angle": 0, "axis": "y", "origin": [23, 21, 37]},
			"faces": {
				"north": {"uv": [0, 2, 1, 3], "texture": "#side"},
				"east": {"uv": [0, 2, 1, 3], "texture": "#side"},
				"south": {"uv": [0, 2, 1, 3], "texture": "#side"},
				"west": {"uv": [0, 2, 1, 3], "texture": "#side"},
				"up": {"uv": [0, 2, 1, 3], "texture": "#side"},
				"down": {"uv": [0, 2, 1, 3], "texture": "#side"}
			}
		},
		{
			"from": [15, 14, 10],
			"to": [16, 15, 11],
			"rotation": {"angle": 0, "axis": "y", "origin": [23, 22, 33]},
			"faces": {
				"north": {"uv": [0, 2, 1, 3], "texture": "#side"},
				"east": {"uv": [0, 2, 1, 3], "texture": "#side"},
				"south": {"uv": [0, 2, 1, 3], "texture": "#side"},
				"west": {"uv": [0, 2, 1, 3], "texture": "#side"},
				"up": {"uv": [0, 2, 1, 3], "texture": "#side"},
				"down": {"uv": [0, 2, 1, 3], "texture": "#side"}
			}
		},
		{
			"from": [15, 9, 8],
			"to": [16, 10, 9],
			"rotation": {"angle": 0, "axis": "y", "origin": [23, 17, 31]},
			"faces": {
				"north": {"uv": [0, 2, 1, 3], "texture": "#side"},
				"east": {"uv": [0, 2, 1, 3], "texture": "#side"},
				"south": {"uv": [0, 2, 1, 3], "texture": "#side"},
				"west": {"uv": [0, 2, 1, 3], "texture": "#side"},
				"up": {"uv": [0, 2, 1, 3], "texture": "#side"},
				"down": {"uv": [0, 2, 1, 3], "texture": "#side"}
			}
		},
		{
			"from": [15, 12, 5],
			"to": [16, 13, 6],
			"rotation": {"angle": 0, "axis": "y", "origin": [23, 20, 28]},
			"faces": {
				"north": {"uv": [0, 2, 1, 3], "texture": "#side"},
				"east": {"uv": [0, 2, 1, 3], "texture": "#side"},
				"south": {"uv": [0, 2, 1, 3], "texture": "#side"},
				"west": {"uv": [0, 2, 1, 3], "texture": "#side"},
				"up": {"uv": [0, 2, 1, 3], "texture": "#side"},
				"down": {"uv": [0, 2, 1, 3], "texture": "#side"}
			}
		},
		{
			"from": [15, 1, 5],
			"to": [16, 2, 6],
			"rotation": {"angle": 0, "axis": "y", "origin": [23, 9, 28]},
			"faces": {
				"north": {"uv": [0, 2, 1, 3], "texture": "#side"},
				"east": {"uv": [0, 2, 1, 3], "texture": "#side"},
				"south": {"uv": [0, 2, 1, 3], "texture": "#side"},
				"west": {"uv": [0, 2, 1, 3], "texture": "#side"},
				"up": {"uv": [0, 2, 1, 3], "texture": "#side"},
				"down": {"uv": [0, 2, 1, 3], "texture": "#side"}
			}
		},
		{
			"from": [15, 5, 10],
			"to": [16, 6, 11],
			"rotation": {"angle": 0, "axis": "y", "origin": [23, 13, 33]},
			"faces": {
				"north": {"uv": [0, 2, 1, 3], "texture": "#side"},
				"east": {"uv": [0, 2, 1, 3], "texture": "#side"},
				"south": {"uv": [0, 2, 1, 3], "texture": "#side"},
				"west": {"uv": [0, 2, 1, 3], "texture": "#side"},
				"up": {"uv": [0, 2, 1, 3], "texture": "#side"},
				"down": {"uv": [0, 2, 1, 3], "texture": "#side"}
			}
		},
		{
			"from": [15, 5, 1],
			"to": [16, 6, 2],
			"rotation": {"angle": 0, "axis": "y", "origin": [23, 13, 23]},
			"faces": {
				"north": {"uv": [0, 2, 1, 3], "texture": "#side"},
				"east": {"uv": [0, 2, 1, 3], "texture": "#side"},
				"south": {"uv": [0, 2, 1, 3], "texture": "#side"},
				"west": {"uv": [0, 2, 1, 3], "texture": "#side"},
				"up": {"uv": [0, 2, 1, 3], "texture": "#side"},
				"down": {"uv": [0, 2, 1, 3], "texture": "#side"}
			}
		},
		{
			"from": [15, 5, 0],
			"to": [16, 6, 1],
			"rotation": {"angle": 0, "axis": "y", "origin": [23, 13, 22]},
			"faces": {
				"north": {"uv": [0, 2, 1, 3], "texture": "#side"},
				"east": {"uv": [0, 2, 1, 3], "texture": "#side"},
				"south": {"uv": [0, 2, 1, 3], "texture": "#side"},
				"west": {"uv": [0, 2, 1, 3], "texture": "#side"},
				"up": {"uv": [0, 2, 1, 3], "texture": "#side"},
				"down": {"uv": [0, 2, 1, 3], "texture": "#side"}
			}
		},
		{
			"from": [15, 10, 1],
			"to": [16, 11, 2],
			"rotation": {"angle": 0, "axis": "y", "origin": [23, 18, 24]},
			"faces": {
				"north": {"uv": [0, 2, 1, 3], "texture": "#side"},
				"east": {"uv": [0, 2, 1, 3], "texture": "#side"},
				"south": {"uv": [0, 2, 1, 3], "texture": "#side"},
				"west": {"uv": [0, 2, 1, 3], "texture": "#side"},
				"up": {"uv": [0, 2, 1, 3], "texture": "#side"},
				"down": {"uv": [0, 2, 1, 3], "texture": "#side"}
			}
		},
		{
			"from": [15, 14, 0],
			"to": [16, 15, 1],
			"rotation": {"angle": 0, "axis": "y", "origin": [23, 22, 23]},
			"faces": {
				"north": {"uv": [0, 2, 1, 3], "texture": "#side"},
				"east": {"uv": [0, 2, 1, 3], "texture": "#side"},
				"south": {"uv": [0, 2, 1, 3], "texture": "#side"},
				"west": {"uv": [0, 2, 1, 3], "texture": "#side"},
				"up": {"uv": [0, 2, 1, 3], "texture": "#side"},
				"down": {"uv": [0, 2, 1, 3], "texture": "#side"}
			}
		},
		{
			"from": [15, 13, 0],
			"to": [16, 14, 1],
			"rotation": {"angle": 0, "axis": "y", "origin": [23, 21, 23]},
			"faces": {
				"north": {"uv": [0, 2, 1, 3], "texture": "#side"},
				"east": {"uv": [0, 2, 1, 3], "texture": "#side"},
				"south": {"uv": [0, 2, 1, 3], "texture": "#side"},
				"west": {"uv": [0, 2, 1, 3], "texture": "#side"},
				"up": {"uv": [0, 2, 1, 3], "texture": "#side"},
				"down": {"uv": [0, 2, 1, 3], "texture": "#side"}
			}
		},
		{
			"from": [14, 13, 0],
			"to": [15, 14, 1],
			"rotation": {"angle": 0, "axis": "y", "origin": [22, 21, 23]},
			"faces": {
				"north": {"uv": [0, 2, 1, 3], "texture": "#side"},
				"east": {"uv": [0, 2, 1, 3], "texture": "#side"},
				"south": {"uv": [0, 2, 1, 3], "texture": "#side"},
				"west": {"uv": [0, 2, 1, 3], "texture": "#side"},
				"up": {"uv": [0, 2, 1, 3], "texture": "#side"},
				"down": {"uv": [0, 2, 1, 3], "texture": "#side"}
			}
		},
		{
			"from": [14, 3, 0],
			"to": [15, 4, 1],
			"rotation": {"angle": 0, "axis": "y", "origin": [22, 11, 23]},
			"faces": {
				"north": {"uv": [0, 2, 1, 3], "texture": "#side"},
				"east": {"uv": [0, 2, 1, 3], "texture": "#side"},
				"south": {"uv": [0, 2, 1, 3], "texture": "#side"},
				"west": {"uv": [0, 2, 1, 3], "texture": "#side"},
				"up": {"uv": [0, 2, 1, 3], "texture": "#side"},
				"down": {"uv": [0, 2, 1, 3], "texture": "#side"}
			}
		},
		{
			"from": [10, 5, 0],
			"to": [11, 6, 1],
			"rotation": {"angle": 0, "axis": "y", "origin": [18, 13, 23]},
			"faces": {
				"north": {"uv": [0, 2, 1, 3], "texture": "#side"},
				"east": {"uv": [0, 2, 1, 3], "texture": "#side"},
				"south": {"uv": [0, 2, 1, 3], "texture": "#side"},
				"west": {"uv": [0, 2, 1, 3], "texture": "#side"},
				"up": {"uv": [0, 2, 1, 3], "texture": "#side"},
				"down": {"uv": [0, 2, 1, 3], "texture": "#side"}
			}
		},
		{
			"from": [8, 9, 0],
			"to": [9, 10, 1],
			"rotation": {"angle": 0, "axis": "y", "origin": [15, 17, 23]},
			"faces": {
				"north": {"uv": [0, 2, 1, 3], "texture": "#side"},
				"east": {"uv": [0, 2, 1, 3], "texture": "#side"},
				"south": {"uv": [0, 2, 1, 3], "texture": "#side"},
				"west": {"uv": [0, 2, 1, 3], "texture": "#side"},
				"up": {"uv": [0, 2, 1, 3], "texture": "#side"},
				"down": {"uv": [0, 2, 1, 3], "texture": "#side"}
			}
		},
		{
			"from": [5, 12, 0],
			"to": [6, 13, 1],
			"rotation": {"angle": 0, "axis": "y", "origin": [13, 20, 23]},
			"faces": {
				"north": {"uv": [0, 2, 1, 3], "texture": "#side"},
				"east": {"uv": [0, 2, 1, 3], "texture": "#side"},
				"south": {"uv": [0, 2, 1, 3], "texture": "#side"},
				"west": {"uv": [0, 2, 1, 3], "texture": "#side"},
				"up": {"uv": [0, 2, 1, 3], "texture": "#side"},
				"down": {"uv": [0, 2, 1, 3], "texture": "#side"}
			}
		},
		{
			"from": [10, 14, 0],
			"to": [11, 15, 1],
			"rotation": {"angle": 0, "axis": "y", "origin": [18, 22, 23]},
			"faces": {
				"north": {"uv": [0, 2, 1, 3], "texture": "#side"},
				"east": {"uv": [0, 2, 1, 3], "texture": "#side"},
				"south": {"uv": [0, 2, 1, 3], "texture": "#side"},
				"west": {"uv": [0, 2, 1, 3], "texture": "#side"},
				"up": {"uv": [0, 2, 1, 3], "texture": "#side"},
				"down": {"uv": [0, 2, 1, 3], "texture": "#side"}
			}
		},
		{
			"from": [5, 1, 0],
			"to": [6, 2, 1],
			"rotation": {"angle": 0, "axis": "y", "origin": [13, 9, 23]},
			"faces": {
				"north": {"uv": [0, 2, 1, 3], "texture": "#side"},
				"east": {"uv": [0, 2, 1, 3], "texture": "#side"},
				"south": {"uv": [0, 2, 1, 3], "texture": "#side"},
				"west": {"uv": [0, 2, 1, 3], "texture": "#side"},
				"up": {"uv": [0, 2, 1, 3], "texture": "#side"},
				"down": {"uv": [0, 2, 1, 3], "texture": "#side"}
			}
		},
		{
			"from": [15, 3, 0],
			"to": [16, 4, 1],
			"rotation": {"angle": 0, "axis": "y", "origin": [23, 11, 23]},
			"faces": {
				"north": {"uv": [0, 2, 1, 3], "texture": "#side"},
				"east": {"uv": [0, 2, 1, 3], "texture": "#side"},
				"south": {"uv": [0, 2, 1, 3], "texture": "#side"},
				"west": {"uv": [0, 2, 1, 3], "texture": "#side"},
				"up": {"uv": [0, 2, 1, 3], "texture": "#side"},
				"down": {"uv": [0, 2, 1, 3], "texture": "#side"}
			}
		},
		{
			"from": [15, 14, 1],
			"to": [16, 15, 2],
			"rotation": {"angle": 0, "axis": "y", "origin": [23, 22, 24]},
			"faces": {
				"north": {"uv": [0, 2, 1, 3], "texture": "#side"},
				"east": {"uv": [0, 2, 1, 3], "texture": "#side"},
				"south": {"uv": [0, 2, 1, 3], "texture": "#side"},
				"west": {"uv": [0, 2, 1, 3], "texture": "#side"},
				"up": {"uv": [0, 2, 1, 3], "texture": "#side"},
				"down": {"uv": [0, 2, 1, 3], "texture": "#side"}
			}
		},
		{
			"from": [15, 9, 0],
			"to": [16, 10, 1],
			"rotation": {"angle": 0, "axis": "y", "origin": [23, 17, 23]},
			"faces": {
				"north": {"uv": [0, 2, 1, 3], "texture": "#side"},
				"east": {"uv": [0, 2, 1, 3], "texture": "#side"},
				"south": {"uv": [0, 2, 1, 3], "texture": "#side"},
				"west": {"uv": [0, 2, 1, 3], "texture": "#side"},
				"up": {"uv": [0, 2, 1, 3], "texture": "#side"},
				"down": {"uv": [0, 2, 1, 3], "texture": "#side"}
			}
		},
		{
			"from": [14, 14, 15],
			"to": [15, 15, 16],
			"rotation": {"angle": 0, "axis": "y", "origin": [22, 22, 38]},
			"faces": {
				"north": {"uv": [0, 2, 1, 3], "texture": "#side"},
				"east": {"uv": [0, 2, 1, 3], "texture": "#side"},
				"south": {"uv": [0, 2, 1, 3], "texture": "#side"},
				"west": {"uv": [0, 2, 1, 3], "texture": "#side"},
				"up": {"uv": [0, 2, 1, 3], "texture": "#side"},
				"down": {"uv": [0, 2, 1, 3], "texture": "#side"}
			}
		},
		{
			"from": [15.1, 10, 15],
			"to": [16.1, 11, 16],
			"rotation": {"angle": 0, "axis": "y", "origin": [23.1, 18, 23]},
			"faces": {
				"north": {"uv": [0, 2, 1, 3], "texture": "#side"},
				"east": {"uv": [0, 2, 1, 3], "texture": "#side"},
				"south": {"uv": [0, 2, 1, 3], "texture": "#side"},
				"west": {"uv": [0, 2, 1, 3], "texture": "#side"},
				"up": {"uv": [0, 2, 1, 3], "texture": "#side"},
				"down": {"uv": [0, 2, 1, 3], "texture": "#side"}
			}
		},
		{
			"from": [15.1, 9, 15],
			"to": [16.1, 10, 16],
			"rotation": {"angle": 0, "axis": "y", "origin": [23.1, 17, 23]},
			"faces": {
				"north": {"uv": [0, 2, 1, 3], "texture": "#side"},
				"east": {"uv": [0, 2, 1, 3], "texture": "#side"},
				"south": {"uv": [0, 2, 1, 3], "texture": "#side"},
				"west": {"uv": [0, 2, 1, 3], "texture": "#side"},
				"up": {"uv": [0, 2, 1, 3], "texture": "#side"},
				"down": {"uv": [0, 2, 1, 3], "texture": "#side"}
			}
		},
		{
			"from": [14.1, 10, 15],
			"to": [15.1, 11, 16],
			"rotation": {"angle": 0, "axis": "y", "origin": [22.1, 18, 23]},
			"faces": {
				"north": {"uv": [0, 2, 1, 3], "texture": "#side"},
				"east": {"uv": [0, 2, 1, 3], "texture": "#side"},
				"south": {"uv": [0, 2, 1, 3], "texture": "#side"},
				"west": {"uv": [0, 2, 1, 3], "texture": "#side"},
				"up": {"uv": [0, 2, 1, 3], "texture": "#side"},
				"down": {"uv": [0, 2, 1, 3], "texture": "#side"}
			}
		},
		{
			"from": [2, 16, 2],
			"to": [14, 17, 14],
			"rotation": {"angle": 0, "axis": "y", "origin": [16, 24, 16]},
			"faces": {
				"north": {"uv": [2, 2, 14, 3], "texture": "#top"},
				"east": {"uv": [2, 2, 14, 3], "texture": "#top"},
				"south": {"uv": [2, 2, 14, 3], "texture": "#top"},
				"west": {"uv": [2, 2, 14, 3], "texture": "#top"},
				"up": {"uv": [2, 2, 14, 14], "texture": "#top"},
				"down": {"uv": [2, 2, 14, 14], "texture": "#top"}
			}
		}
	]
}