{
	"credit": "Made with Blockbench",
	"parent": "minecraft:block/rail_curved",
	"textures": {
		"rail": "block/rail_corner"
	},
	"elements": [
		{
			"from": [10, 0, 14],
			"to": [12, 1, 16],
			"rotation": {"angle": 0, "axis": "y", "origin": [19, 8, 23]},
			"faces": {
				"north": {"uv": [9, 14, 11, 15], "texture": "#rail"},
				"east": {"uv": [10, 15, 12, 16], "texture": "#rail"},
				"south": {"uv": [10, 15, 12, 16], "texture": "#rail"},
				"west": {"uv": [10, 15, 12, 16], "texture": "#rail"},
				"up": {"uv": [10, 14, 12, 16], "texture": "#rail"},
				"down": {"uv": [10, 14, 12, 16], "texture": "#rail"}
			}
		},
		{
			"from": [14, 0, 10],
			"to": [16, 1, 12],
			"rotation": {"angle": 0, "axis": "y", "origin": [23, 8, 19]},
			"faces": {
				"north": {"uv": [14, 10, 16, 11], "texture": "#rail"},
				"east": {"uv": [14, 10, 16, 11], "texture": "#rail"},
				"south": {"uv": [13, 7, 15, 8], "texture": "#rail"},
				"west": {"uv": [10, 15, 12, 16], "texture": "#rail"},
				"up": {"uv": [14, 10, 16, 12], "texture": "#rail"},
				"down": {"uv": [14, 10, 16, 12], "texture": "#rail"}
			}
		},
		{
			"from": [7, 0, 7],
			"to": [9, 1, 9],
			"rotation": {"angle": 0, "axis": "y", "origin": [16, 8, 16]},
			"faces": {
				"north": {"uv": [7, 7, 9, 8], "texture": "#rail"},
				"east": {"uv": [7, 7, 9, 8], "texture": "#rail"},
				"south": {"uv": [7, 8, 9, 9], "texture": "#rail"},
				"west": {"uv": [7, 8, 8, 9], "texture": "#rail"},
				"up": {"uv": [7, 7, 9, 9], "texture": "#rail"},
				"down": {"uv": [7, 7, 9, 9], "texture": "#rail"}
			}
		},
		{
			"from": [9, 0, 9],
			"to": [11, 1, 11],
			"rotation": {"angle": 0, "axis": "y", "origin": [18, 8, 18]},
			"faces": {
				"north": {"uv": [9, 9, 11, 10], "texture": "#rail"},
				"east": {"uv": [9, 9, 11, 10], "texture": "#rail"},
				"south": {"uv": [9, 10, 11, 11], "texture": "#rail"},
				"west": {"uv": [9, 10, 11, 11], "texture": "#rail"},
				"up": {"uv": [9, 9, 11, 11], "texture": "#rail"},
				"down": {"uv": [9, 9, 11, 11], "texture": "#rail"}
			}
		},
		{
			"from": [11, 0, 11],
			"to": [13, 1, 13],
			"rotation": {"angle": 0, "axis": "y", "origin": [20, 8, 20]},
			"faces": {
				"north": {"uv": [11, 11, 13, 12], "texture": "#rail"},
				"east": {"uv": [11, 11, 13, 12], "texture": "#rail"},
				"south": {"uv": [11, 12, 12, 13], "texture": "#rail"},
				"west": {"uv": [11, 12, 12, 13], "texture": "#rail"},
				"up": {"uv": [11, 11, 13, 13], "texture": "#rail"},
				"down": {"uv": [11, 11, 13, 13], "texture": "#rail"}
			}
		},
		{
			"from": [12, 0, 14],
			"to": [14, 2, 16],
			"rotation": {"angle": 0, "axis": "y", "origin": [21, 8, 23]},
			"faces": {
				"north": {"uv": [12, 14, 13, 16], "texture": "#rail"},
				"east": {"uv": [13, 14, 14, 16], "texture": "#rail"},
				"south": {"uv": [12, 14, 14, 16], "texture": "#rail"},
				"west": {"uv": [12, 14, 13, 16], "texture": "#rail"},
				"up": {"uv": [12, 14, 14, 16], "texture": "#rail"},
				"down": {"uv": [12, 14, 14, 16], "texture": "#rail"}
			}
		},
		{
			"from": [14, 0, 12],
			"to": [16, 2, 14],
			"rotation": {"angle": 0, "axis": "y", "origin": [23, 8, 21]},
			"faces": {
				"north": {"uv": [14, 12, 15, 13], "texture": "#rail"},
				"east": {"uv": [2, 14, 4, 16], "texture": "#rail"},
				"south": {"uv": [14, 13, 16, 14], "texture": "#rail"},
				"west": {"uv": [14, 12, 16, 14], "texture": "#rail"},
				"up": {"uv": [14, 12, 16, 14], "texture": "#rail"},
				"down": {"uv": [14, 12, 16, 14], "texture": "#rail"}
			}
		},
		{
			"from": [3, 0, 10],
			"to": [5, 2, 12],
			"rotation": {"angle": 0, "axis": "y", "origin": [12, 8, 19]},
			"faces": {
				"north": {"uv": [3, 10, 4, 12], "texture": "#rail"},
				"east": {"uv": [3, 13, 4, 15], "texture": "#rail"},
				"south": {"uv": [3, 11, 5, 12], "texture": "#rail"},
				"west": {"uv": [3, 10, 4, 12], "texture": "#rail"},
				"up": {"uv": [3, 10, 5, 12], "texture": "#rail"},
				"down": {"uv": [3, 10, 5, 12], "texture": "#rail"}
			}
		},
		{
			"from": [4, 0, 8],
			"to": [6, 2, 10],
			"rotation": {"angle": 0, "axis": "y", "origin": [13, 8, 17]},
			"faces": {
				"north": {"uv": [4, 8, 5, 10], "texture": "#rail"},
				"east": {"uv": [5, 8, 6, 10], "texture": "#rail"},
				"south": {"uv": [4, 8, 6, 10], "texture": "#rail"},
				"west": {"uv": [4, 8, 5, 10], "texture": "#rail"},
				"up": {"uv": [4, 8, 6, 10], "texture": "#rail"},
				"down": {"uv": [4, 8, 6, 10], "texture": "#rail"}
			}
		},
		{
			"from": [8, 0, 4],
			"to": [10, 2, 6],
			"rotation": {"angle": 0, "axis": "y", "origin": [17, 8, 13]},
			"faces": {
				"north": {"uv": [8, 4, 9, 5], "texture": "#rail"},
				"east": {"uv": [9, 5, 10, 6], "texture": "#rail"},
				"south": {"uv": [8, 5, 10, 6], "texture": "#rail"},
				"west": {"uv": [8, 4, 9, 5], "texture": "#rail"},
				"up": {"uv": [8, 4, 10, 6], "texture": "#rail"},
				"down": {"uv": [8, 4, 10, 6], "texture": "#rail"}
			}
		},
		{
			"from": [10, 0, 3],
			"to": [12, 2, 5],
			"rotation": {"angle": 0, "axis": "y", "origin": [19, 8, 12]},
			"faces": {
				"north": {"uv": [10, 3, 12, 4], "texture": "#rail"},
				"east": {"uv": [11, 4, 12, 5], "texture": "#rail"},
				"south": {"uv": [10, 4, 12, 5], "texture": "#rail"},
				"west": {"uv": [10, 3, 11, 4], "texture": "#rail"},
				"up": {"uv": [10, 3, 12, 5], "texture": "#rail"},
				"down": {"uv": [10, 3, 12, 5], "texture": "#rail"}
			}
		},
		{
			"from": [5, 0, 7],
			"to": [7, 2, 8],
			"rotation": {"angle": 0, "axis": "y", "origin": [13, 8, 15]},
			"faces": {
				"north": {"uv": [5, 7, 6, 8], "texture": "#rail"},
				"east": {"uv": [6, 7, 7, 8], "texture": "#rail"},
				"south": {"uv": [5, 7, 7, 8], "texture": "#rail"},
				"west": {"uv": [5, 7, 6, 8], "texture": "#rail"},
				"up": {"uv": [5, 7, 7, 8], "texture": "#rail"},
				"down": {"uv": [5, 7, 7, 8], "texture": "#rail"}
			}
		},
		{
			"from": [7, 0, 5],
			"to": [8, 2, 7],
			"rotation": {"angle": 0, "axis": "y", "origin": [15, 8, 13]},
			"faces": {
				"north": {"uv": [7, 5, 8, 6], "texture": "#rail"},
				"east": {"uv": [7, 6, 8, 7], "texture": "#rail"},
				"south": {"uv": [7, 6, 8, 7], "texture": "#rail"},
				"west": {"uv": [7, 5, 8, 6], "texture": "#rail"},
				"up": {"uv": [7, 5, 8, 7], "texture": "#rail"},
				"down": {"uv": [7, 5, 8, 7], "texture": "#rail"}
			}
		},
		{
			"from": [6, 0, 6],
			"to": [7, 2, 7],
			"rotation": {"angle": 0, "axis": "y", "origin": [13, 8, 14]},
			"faces": {
				"north": {"uv": [6, 6, 7, 7], "texture": "#rail"},
				"east": {"uv": [6, 6, 7, 7], "texture": "#rail"},
				"south": {"uv": [6, 6, 7, 7], "texture": "#rail"},
				"west": {"uv": [6, 6, 7, 7], "texture": "#rail"},
				"up": {"uv": [6, 6, 7, 7], "texture": "#rail"},
				"down": {"uv": [6, 6, 7, 7], "texture": "#rail"}
			}
		},
		{
			"from": [7, 0, 13],
			"to": [10, 1, 15],
			"rotation": {"angle": 0, "axis": "y", "origin": [17, 8, 22]},
			"faces": {
				"north": {"uv": [7, 13, 10, 14], "texture": "#rail"},
				"east": {"uv": [8, 13, 10, 14], "texture": "#rail"},
				"south": {"uv": [7, 14, 10, 15], "texture": "#rail"},
				"west": {"uv": [7, 14, 9, 15], "texture": "#rail"},
				"up": {"uv": [7, 13, 10, 15], "texture": "#rail"},
				"down": {"uv": [7, 13, 10, 15], "texture": "#rail"}
			}
		},
		{
			"from": [13, 0, 7],
			"to": [15, 1, 10],
			"rotation": {"angle": 0, "axis": "y", "origin": [22, 8, 17]},
			"faces": {
				"north": {"uv": [14, 9, 15, 10], "texture": "#rail"},
				"east": {"uv": [7, 13, 10, 14], "texture": "#rail"},
				"south": {"uv": [13, 9, 15, 10], "texture": "#rail"},
				"west": {"uv": [7, 14, 10, 15], "texture": "#rail"},
				"up": {"uv": [13, 7, 15, 10], "texture": "#rail"},
				"down": {"uv": [13, 7, 15, 10], "texture": "#rail"}
			}
		},
		{
			"from": [12, 0, 4],
			"to": [14, 1, 7],
			"rotation": {"angle": 0, "axis": "y", "origin": [21, 8, 14]},
			"faces": {
				"north": {"uv": [7, 7, 9, 8], "texture": "#rail"},
				"east": {"uv": [4, 12, 7, 13], "texture": "#rail"},
				"south": {"uv": [12, 6, 14, 7], "texture": "#rail"},
				"west": {"uv": [12, 6, 13, 7], "texture": "#rail"},
				"up": {"uv": [12, 4, 14, 7], "texture": "#rail"},
				"down": {"uv": [12, 4, 14, 7], "texture": "#rail"}
			}
		},
		{
			"from": [2, 0, 12],
			"to": [4, 2, 16],
			"rotation": {"angle": 0, "axis": "y", "origin": [13, 8, 23]},
			"faces": {
				"north": {"uv": [2, 14, 3, 16], "texture": "#rail"},
				"east": {"uv": [3, 14, 4, 16], "texture": "#rail"},
				"south": {"uv": [2, 14, 4, 16], "texture": "#rail"},
				"west": {"uv": [2, 14, 3, 16], "texture": "#rail"},
				"up": {"uv": [2, 12, 4, 16], "texture": "#rail"},
				"down": {"uv": [2, 12, 4, 16], "texture": "#rail"}
			}
		},
		{
			"from": [12, 0, 2],
			"to": [16, 2, 4],
			"rotation": {"angle": 0, "axis": "y", "origin": [24, 8, 13]},
			"faces": {
				"north": {"uv": [12, 2, 16, 3], "texture": "#rail"},
				"east": {"uv": [13, 13, 15, 14], "texture": "#rail"},
				"south": {"uv": [12, 3, 16, 4], "texture": "#rail"},
				"west": {"uv": [12, 2, 13, 3], "texture": "#rail"},
				"up": {"uv": [12, 2, 16, 4], "texture": "#rail"},
				"down": {"uv": [12, 2, 16, 4], "texture": "#rail"}
			}
		},
		{
			"from": [4, 0, 12],
			"to": [7, 1, 14],
			"rotation": {"angle": 0, "axis": "y", "origin": [13, 8, 21]},
			"faces": {
				"north": {"uv": [7, 13, 10, 14], "texture": "#rail"},
				"east": {"uv": [6, 12, 7, 13], "texture": "#rail"},
				"south": {"uv": [4, 13, 7, 14], "texture": "#rail"},
				"west": {"uv": [9, 10, 11, 11], "texture": "#rail"},
				"up": {"uv": [4, 12, 7, 14], "texture": "#rail"},
				"down": {"uv": [4, 12, 7, 14], "texture": "#rail"}
			}
		},
		{
			"from": [13, 0, 13],
			"to": [14, 2, 14],
			"rotation": {"angle": 0, "axis": "y", "origin": [21, 8, 21]},
			"faces": {
				"north": {"uv": [13, 13, 14, 14], "texture": "#rail"},
				"east": {"uv": [13, 13, 14, 14], "texture": "#rail"},
				"south": {"uv": [13, 13, 14, 14], "texture": "#rail"},
				"west": {"uv": [13, 13, 14, 14], "texture": "#rail"},
				"up": {"uv": [13, 13, 14, 14], "texture": "#rail"},
				"down": {"uv": [13, 13, 14, 14], "texture": "#rail"}
			}
		},
		{
			"from": [14, 0, 14],
			"to": [15, 1, 15],
			"rotation": {"angle": 0, "axis": "y", "origin": [22, 8, 22]},
			"faces": {
				"north": {"uv": [14, 14, 15, 15], "texture": "#rail"},
				"east": {"uv": [14, 14, 15, 15], "texture": "#rail"},
				"south": {"uv": [14, 14, 15, 15], "texture": "#rail"},
				"west": {"uv": [14, 14, 15, 15], "texture": "#rail"},
				"up": {"uv": [14, 14, 15, 15], "texture": "#rail"},
				"down": {"uv": [14, 14, 15, 15], "texture": "#rail"}
			}
		},
		{
			"from": [5, 0, 5],
			"to": [6, 1, 6],
			"rotation": {"angle": 0, "axis": "y", "origin": [13, 8, 13]},
			"faces": {
				"north": {"uv": [5, 5, 6, 6], "texture": "#rail"},
				"east": {"uv": [5, 5, 6, 6], "texture": "#rail"},
				"south": {"uv": [5, 5, 6, 6], "texture": "#rail"},
				"west": {"uv": [5, 5, 6, 6], "texture": "#rail"},
				"up": {"uv": [5, 5, 6, 6], "texture": "#rail"},
				"down": {"uv": [5, 5, 6, 6], "texture": "#rail"}
			}
		},
		{
			"from": [1, 0, 11],
			"to": [2, 1, 12],
			"rotation": {"angle": 0, "axis": "y", "origin": [9, 8, 19]},
			"faces": {
				"north": {"uv": [1, 11, 2, 12], "texture": "#rail"},
				"east": {"uv": [1, 11, 2, 12], "texture": "#rail"},
				"south": {"uv": [1, 11, 2, 12], "texture": "#rail"},
				"west": {"uv": [1, 11, 2, 12], "texture": "#rail"},
				"up": {"uv": [1, 11, 2, 12], "texture": "#rail"},
				"down": {"uv": [1, 11, 2, 12], "texture": "#rail"}
			}
		},
		{
			"from": [11, 0, 1],
			"to": [12, 1, 2],
			"rotation": {"angle": 0, "axis": "y", "origin": [19, 8, 9]},
			"faces": {
				"north": {"uv": [11, 1, 12, 2], "texture": "#rail"},
				"east": {"uv": [11, 1, 12, 2], "texture": "#rail"},
				"south": {"uv": [11, 1, 12, 2], "texture": "#rail"},
				"west": {"uv": [11, 1, 12, 2], "texture": "#rail"},
				"up": {"uv": [11, 1, 12, 2], "texture": "#rail"},
				"down": {"uv": [11, 1, 12, 2], "texture": "#rail"}
			}
		},
		{
			"from": [14, 0, 15],
			"to": [15, 1, 16],
			"rotation": {"angle": 0, "axis": "y", "origin": [22, 8, 23]},
			"faces": {
				"north": {"uv": [14, 15, 15, 16], "texture": "#rail"},
				"east": {"uv": [14, 15, 15, 16], "texture": "#rail"},
				"south": {"uv": [14, 15, 15, 16], "texture": "#rail"},
				"west": {"uv": [14, 15, 15, 16], "texture": "#rail"},
				"up": {"uv": [14, 15, 15, 16], "texture": "#rail"},
				"down": {"uv": [14, 15, 15, 16], "texture": "#rail"}
			}
		},
		{
			"from": [5, 0, 6],
			"to": [6, 1, 7],
			"rotation": {"angle": 0, "axis": "y", "origin": [13, 8, 14]},
			"faces": {
				"north": {"uv": [5, 6, 6, 7], "texture": "#rail"},
				"east": {"uv": [5, 6, 6, 7], "texture": "#rail"},
				"south": {"uv": [5, 6, 6, 7], "texture": "#rail"},
				"west": {"uv": [5, 6, 6, 7], "texture": "#rail"},
				"up": {"uv": [5, 6, 6, 7], "texture": "#rail"},
				"down": {"uv": [5, 6, 6, 7], "texture": "#rail"}
			}
		},
		{
			"from": [1, 0, 12],
			"to": [2, 1, 13],
			"rotation": {"angle": 0, "axis": "y", "origin": [9, 8, 20]},
			"faces": {
				"north": {"uv": [1, 12, 2, 13], "texture": "#rail"},
				"east": {"uv": [1, 12, 2, 13], "texture": "#rail"},
				"south": {"uv": [1, 12, 2, 13], "texture": "#rail"},
				"west": {"uv": [1, 12, 2, 13], "texture": "#rail"},
				"up": {"uv": [1, 12, 2, 13], "texture": "#rail"},
				"down": {"uv": [1, 12, 2, 13], "texture": "#rail"}
			}
		},
		{
			"from": [11, 0, 2],
			"to": [12, 1, 3],
			"rotation": {"angle": 0, "axis": "y", "origin": [19, 8, 10]},
			"faces": {
				"north": {"uv": [11, 2, 12, 3], "texture": "#rail"},
				"east": {"uv": [11, 2, 12, 3], "texture": "#rail"},
				"south": {"uv": [11, 2, 12, 3], "texture": "#rail"},
				"west": {"uv": [11, 2, 12, 3], "texture": "#rail"},
				"up": {"uv": [11, 2, 12, 3], "texture": "#rail"},
				"down": {"uv": [11, 2, 12, 3], "texture": "#rail"}
			}
		},
		{
			"from": [12, 0, 13],
			"to": [13, 1, 14],
			"rotation": {"angle": 0, "axis": "y", "origin": [20, 8, 21]},
			"faces": {
				"north": {"uv": [12, 13, 13, 14], "texture": "#rail"},
				"east": {"uv": [12, 13, 13, 14], "texture": "#rail"},
				"south": {"uv": [12, 13, 13, 14], "texture": "#rail"},
				"west": {"uv": [12, 13, 13, 14], "texture": "#rail"},
				"up": {"uv": [12, 13, 13, 14], "texture": "#rail"},
				"down": {"uv": [12, 13, 13, 14], "texture": "#rail"}
			}
		},
		{
			"from": [10, 0, 11],
			"to": [11, 1, 12],
			"rotation": {"angle": 0, "axis": "y", "origin": [18, 8, 19]},
			"faces": {
				"north": {"uv": [10, 11, 11, 12], "texture": "#rail"},
				"east": {"uv": [10, 11, 11, 12], "texture": "#rail"},
				"south": {"uv": [10, 11, 11, 12], "texture": "#rail"},
				"west": {"uv": [10, 11, 11, 12], "texture": "#rail"},
				"up": {"uv": [10, 11, 11, 12], "texture": "#rail"},
				"down": {"uv": [10, 11, 11, 12], "texture": "#rail"}
			}
		},
		{
			"from": [8, 0, 9],
			"to": [9, 1, 10],
			"rotation": {"angle": 0, "axis": "y", "origin": [16, 8, 17]},
			"faces": {
				"north": {"uv": [8, 9, 9, 10], "texture": "#rail"},
				"east": {"uv": [8, 9, 9, 10], "texture": "#rail"},
				"south": {"uv": [8, 9, 9, 10], "texture": "#rail"},
				"west": {"uv": [8, 9, 9, 10], "texture": "#rail"},
				"up": {"uv": [8, 9, 9, 10], "texture": "#rail"},
				"down": {"uv": [8, 9, 9, 10], "texture": "#rail"}
			}
		},
		{
			"from": [15, 0, 14],
			"to": [16, 1, 15],
			"rotation": {"angle": 0, "axis": "y", "origin": [23, 8, 22]},
			"faces": {
				"north": {"uv": [15, 14, 16, 15], "texture": "#rail"},
				"east": {"uv": [15, 14, 16, 15], "texture": "#rail"},
				"south": {"uv": [15, 14, 16, 15], "texture": "#rail"},
				"west": {"uv": [15, 14, 16, 15], "texture": "#rail"},
				"up": {"uv": [15, 14, 16, 15], "texture": "#rail"},
				"down": {"uv": [15, 14, 16, 15], "texture": "#rail"}
			}
		},
		{
			"from": [6, 0, 5],
			"to": [7, 1, 6],
			"rotation": {"angle": 0, "axis": "y", "origin": [14, 8, 13]},
			"faces": {
				"north": {"uv": [6, 5, 7, 6], "texture": "#rail"},
				"east": {"uv": [6, 5, 7, 6], "texture": "#rail"},
				"south": {"uv": [6, 5, 7, 6], "texture": "#rail"},
				"west": {"uv": [6, 5, 7, 6], "texture": "#rail"},
				"up": {"uv": [6, 5, 7, 6], "texture": "#rail"},
				"down": {"uv": [6, 5, 7, 6], "texture": "#rail"}
			}
		},
		{
			"from": [2, 0, 11],
			"to": [3, 1, 12],
			"rotation": {"angle": 0, "axis": "y", "origin": [10, 8, 19]},
			"faces": {
				"north": {"uv": [2, 11, 3, 12], "texture": "#rail"},
				"east": {"uv": [2, 11, 3, 12], "texture": "#rail"},
				"south": {"uv": [2, 11, 3, 12], "texture": "#rail"},
				"west": {"uv": [2, 11, 3, 12], "texture": "#rail"},
				"up": {"uv": [2, 11, 3, 12], "texture": "#rail"},
				"down": {"uv": [2, 11, 3, 12], "texture": "#rail"}
			}
		},
		{
			"from": [12, 0, 1],
			"to": [13, 1, 2],
			"rotation": {"angle": 0, "axis": "y", "origin": [20, 8, 9]},
			"faces": {
				"north": {"uv": [12, 1, 13, 2], "texture": "#rail"},
				"east": {"uv": [12, 1, 13, 2], "texture": "#rail"},
				"south": {"uv": [12, 1, 13, 2], "texture": "#rail"},
				"west": {"uv": [12, 1, 13, 2], "texture": "#rail"},
				"up": {"uv": [12, 1, 13, 2], "texture": "#rail"},
				"down": {"uv": [12, 1, 13, 2], "texture": "#rail"}
			}
		},
		{
			"from": [13, 0, 12],
			"to": [14, 1, 13],
			"rotation": {"angle": 0, "axis": "y", "origin": [21, 8, 20]},
			"faces": {
				"north": {"uv": [13, 12, 14, 13], "texture": "#rail"},
				"east": {"uv": [13, 12, 14, 13], "texture": "#rail"},
				"south": {"uv": [13, 12, 14, 13], "texture": "#rail"},
				"west": {"uv": [13, 12, 14, 13], "texture": "#rail"},
				"up": {"uv": [13, 12, 14, 13], "texture": "#rail"},
				"down": {"uv": [13, 12, 14, 13], "texture": "#rail"}
			}
		},
		{
			"from": [11, 0, 10],
			"to": [12, 1, 11],
			"rotation": {"angle": 0, "axis": "y", "origin": [19, 8, 18]},
			"faces": {
				"north": {"uv": [11, 10, 12, 11], "texture": "#rail"},
				"east": {"uv": [11, 10, 12, 11], "texture": "#rail"},
				"south": {"uv": [11, 10, 12, 11], "texture": "#rail"},
				"west": {"uv": [11, 10, 12, 11], "texture": "#rail"},
				"up": {"uv": [11, 10, 12, 11], "texture": "#rail"},
				"down": {"uv": [11, 10, 12, 11], "texture": "#rail"}
			}
		},
		{
			"from": [9, 0, 8],
			"to": [10, 1, 9],
			"rotation": {"angle": 0, "axis": "y", "origin": [17, 8, 16]},
			"faces": {
				"north": {"uv": [9, 8, 10, 9], "texture": "#rail"},
				"east": {"uv": [9, 8, 10, 9], "texture": "#rail"},
				"south": {"uv": [9, 8, 10, 9], "texture": "#rail"},
				"west": {"uv": [9, 8, 10, 9], "texture": "#rail"},
				"up": {"uv": [9, 8, 10, 9], "texture": "#rail"},
				"down": {"uv": [9, 8, 10, 9], "texture": "#rail"}
			}
		}
	]
}